id,email,password_,name_
1,ehc_admin@mymail.com,ehc_admin,ehc_admin
2,gfearby1@wordpress.com,sztbmu7,Giffie Fearby
3,crumsey2@redcross.org,pMVVSaIaxtC4,Carol Rumsey
4,ajendas3@unesco.org,x3jQkt12lon,Angeline Jendas
5,tgonzales4@abc.net.au,AbVQuNNT7fm,Tandy Gonzales
6,cengland5@hostgator.com,ANcwTp3t,Cammy England
7,mlait6@meetup.com,92ilf2GGRkGp,Merry Lait
8,mdecourcy7@quantcast.com,NnuNf0VkI0x,Mandy Decourcy
9,rhildred8@yolasite.com,yrq6FQSi,Roselia Hildred
10,rgiles9@hc360.com,N3Jp9hFxqy,Rossy Giles
11,gfleara@jimdo.com,Q7xaq4lqm,Geordie Flear
12,kdalessiob@digg.com,D42eRW2S8,Keri D'Alessio
13,fcogganc@cnet.com,Le9HCF,Fidole Coggan
14,bgriffithed@live.com,S88LUp7Bf,Brent Griffithe
15,fstivene@apache.org,BdbD2OU38l,Fionna Stiven
16,dechlinf@sitemeter.com,omk4R5iOZ8Iu,Devlen Echlin
17,sgartshoreg@yale.edu,EWLHzOZJKz,Silvain Gartshore
18,plucksh@netvibes.com,69xf8J2oyg,Pia Lucks
19,tmuschettei@feedburner.com,0DAmgdRh0GTH,Tracy Muschette
20,pwatmoughj@bandcamp.com,SPLZPDBF,Pablo Watmough
21,dtutink@sciencedaily.com,MCq5c957,Daile Tutin
22,cantoniottiil@statcounter.com,RchJmi2rF,Cordelie Antoniottii
23,rmaclardiem@dmoz.org,4yQm9jF2Jle,Rahel MacLardie
24,sjanoutn@dedecms.com,2BEqAKj4T,Stanley Janout
25,mwilkso@census.gov,mOTkcEdaE,Marleah Wilks
26,plarsp@youtu.be,FdTlglVLh,Priscilla Lars
27,jgouldq@ocn.ne.jp,xDoMpU,Joyous Gould
28,jivakhinr@gravatar.com,LFpBL1bv,Jody Ivakhin
29,cwastells@dot.gov,cYCBckrwB,Coralie Wastell
30,wpaffordt@businessinsider.com,0kutSrNX3,Willi Pafford
31,klongfutu@oakley.com,jmPMk5PT,Karilynn Longfut
32,wjoulesv@symantec.com,KO1QtCI9,Willy Joules
33,rspadeckw@deviantart.com,sBkyt1XLX4Zv,Rita Spadeck
34,fkadwalliderx@a8.net,quOkZnK0ZrVm,Frayda Kadwallider
35,smelmethy@google.com.hk,9zYsyZXcPYA,Sada Melmeth
36,mwoodwindz@newsvine.com,yg3LtE,Merrile Woodwind
37,mhauxby10@quantcast.com,400oDS2SmZ4,Madalena Hauxby
38,misson11@seesaa.net,hvyxMp,Marinna Isson
39,mwand12@networksolutions.com,tmKbkvReWrJf,Maure Wand
40,crycroft13@edublogs.org,OM77lL,Callean Rycroft
41,bbenettolo14@bbb.org,Q6tUaMd,Bowie Benettolo
42,bspencock15@vkontakte.ru,1YJ7hg,Boote Spencock
43,rcroster16@discovery.com,Lvym7jvNd,Rennie Croster
44,oavison17@va.gov,ex2d0xj,Obediah Avison
45,egoody18@discovery.com,phtiX7,Eugenio Goody
46,smcbrearty19@dot.gov,4feWLIsbpDlK,Sharyl McBrearty
47,avurley1a@cbc.ca,u5VA38edlvY,Alon Vurley
48,stallon1b@slideshare.net,4EWxtBBxS,Shawnee Tallon
49,jzanettini1c@bing.com,tYxT0T,Jenilee Zanettini
50,vboards1d@ocn.ne.jp,GJRRIv6X,Vite Boards
51,ehassin1e@w3.org,JpSiGTGUv6c,Edmund Hassin
52,amccormick1f@theglobeandmail.com,uY0ZySn4LN,Aime McCormick
53,cscrogges1g@quantcast.com,3MAeXTqiz,Chiquita Scrogges
54,rtandy1h@instagram.com,0a9wn3fWR,Rik Tandy
55,dmeekins1i@cdc.gov,6PrFUWerOEk,Dulcinea Meekins
56,ashipp1j@oaic.gov.au,d8Vau9FtcCSJ,Annalee Shipp
57,ldodshon1k@wisc.edu,DZqZFQ,Lanae Dodshon
58,cleaton1l@bloomberg.com,hLLLvh,Celle Leaton
59,skeymar1m@blogtalkradio.com,DzKlcMum,Sheeree Keymar
60,wbyrnes1n@reddit.com,c2kBA6zU,Willabella Byrnes
61,ncogan1o@berkeley.edu,VZFXzM,Niven Cogan
62,vgarken1p@qq.com,pqwo0fVutDYR,Vinnie Garken
63,alinstead1q@liveinternet.ru,SkWwsgfQh,Aloysia Linstead
64,jborborough1r@nytimes.com,68aM53NvsTKn,Jerry Borborough
65,vgregori1s@dion.ne.jp,q3j8Me6XcC,Vernen Gregori
66,tollarenshaw1t@163.com,Ek8vb0W,Trixi Ollarenshaw
67,apierrepoint1u@arizona.edu,hSuH5oz8n,Adrea Pierrepoint
68,rslorance1v@blogs.com,BNsX5yf,Reynard Slorance
69,tpeet1w@so-net.ne.jp,prjjq9,Townsend Peet
70,nvolk1x@uol.com.br,oII8U3,Nesta Volk
71,cschuh1y@reference.com,EE9Uep3,Coralyn Schuh
72,dle1z@moonfruit.com,onA47yW,Doralynn Le Gallo
73,smicklewicz20@tiny.cc,pkco457rWpnF,Sena Micklewicz
74,zpettican21@dmoz.org,ZZBmTQda,Zsazsa Pettican
75,vfischer22@fc2.com,lLkNvxBqJ,Vincenty Fischer
76,udraisey23@netlog.com,4QZsvJM8x,Uriah Draisey
77,fharty24@noaa.gov,N5qN27,Faunie Harty
78,chayley25@mozilla.com,HXcKpHoQ87u,Christye Hayley
79,tmcmenamy26@sohu.com,FeslHhi7,Thurston McMenamy
80,jtassell27@phoca.cz,dmtDosDucn,Jan Tassell
81,jpiccop28@indiegogo.com,htsHQX4meAy,Jemimah Piccop
82,slivett29@mozilla.org,B7WeKOO8N,Shelagh Livett
83,apeerless2a@hubpages.com,45NVtutOBWQ,Allison Peerless
84,ghambleton2b@vkontakte.ru,Df4Bmi9H,Gerty Hambleton
85,ktootell2c@t.co,7dxyZdN2xBOJ,Kiersten Tootell
86,dmcgougan2d@whitehouse.gov,oO9Qqc,Deborah McGougan
87,spaslow2e@goodreads.com,3ZJAKBo,Sonni Paslow
88,bambrogioni2f@phpbb.com,NBeYA8FThNJ,Bren Ambrogioni
89,cgilliver2g@blogs.com,t5l0INwOgg,Charlton Gilliver
90,bsollett2h@reverbnation.com,HhDOzHAq,Bax Sollett
91,amcgahern2i@hugedomains.com,zzv9QPTe2rSq,Aila McGahern
92,cmacmechan2j@amazon.co.uk,GCoHnoE,Cassey MacMechan
93,kwaylen2k@house.gov,lc3vgr,Kris Waylen
94,ccromblehome2l@pinterest.com,jqBddIFqm,Codi Cromblehome
95,cmedhurst2m@mysql.com,RB0rkxT,Collen Medhurst
96,dpovlsen2n@blinklist.com,wxAbji3,Dido Povlsen
97,anyssen2o@g.co,2baAx5O,Alaric Nyssen
98,kbrikner2p@storify.com,V08LW82MHjH,Katrinka Brikner
99,hbelliss2q@goo.gl,htw0PThBpW8,Hedwiga Belliss
100,jshill2r@technorati.com,0ZUZ9w0zK,Jarib Shill
101,user1@example.com,User1234,User 1
102,user2@example.com,User1234,User 2
103,doctor1@example.com,Doctor1234,Doctor 1
104,target@example.com,qwerty,Our Target